{
   "allow_add_mods" : true,
   "custom_icons" : false,
   "description" : "This mod provides example code showing how to use various parts of the custom [b]Advanced Challenge/Creative Mode Mod API.[/b]\r\n\r\nThe API Documentation can be found at: https://scrapmechanictools.com/modapis/ACM/info\r\n\r\nNOTE - The parts in this mod are NOT meant to be used in a normal game or map!\r\nThey only exist to provide some example code that shows how to use the API.\r\n\r\nThe parts in the preview images are what's currently in the mod.\r\n\r\nFrom left to right:\r\n\r\n- Simple Laser\r\n- Custom Laser\r\n- Custom Laser Receiver\r\n- Debug Mode Enabler\r\n- Database Writer\r\n- Database Reader\r\n- Challenge Interface\r\n- Logic Save Point\r\n\r\n",
   "fileId" : 2855617052,
   "localId" : "eceb83bc-ac77-459b-9925-e542170e6254",
   "name" : "ACM Mod API Examples",
   "type" : "Blocks and Parts",
   "version" : 1
}
