﻿<?xml version="1.0" encoding="UTF-8"?>
<MyGUI type="Resource" version="1.1">
    <Resource type="ResourceImageSet" name="ItemIconsSet0">
        <Group name="ItemIcons" texture="IconMap.png" size="96 96">
            <Index name="Empty">
                <Frame point="0 0"/>
            </Index>
            <Index name="caaee45b-2ba0-4363-ac70-342b63ecbc82">
                <Frame point="0 0"/>
            </Index>
            <Index name="0effdc05-e1ac-45dc-a47f-1ed6ba644636">
                <Frame point="96 0"/>
            </Index>
            <Index name="b238ca32-7ba5-4044-8f36-c57561b8a236">
                <Frame point="192 0"/>
            </Index>
            <Index name="92ee6568-3316-4dde-bd6b-075220c06be8">
                <Frame point="288 0"/>
            </Index>
            <Index name="e07a6f23-12d0-4453-8924-dbf0eb569eb3">
                <Frame point="384 0"/>
            </Index>
            <Index name="d25cfb46-a053-495a-b49f-913145633b0e">
                <Frame point="0 96"/>
            </Index>
            <Index name="1f25807f-a3e6-438b-a726-90457832ab12">
                <Frame point="96 96"/>
            </Index>
            <Index name="8f92416a-3fd2-4c0b-a1be-4efef34813b8">
                <Frame point="192 96"/>
            </Index>
            <Index name="a2a202e4-c366-4aba-a357-280e53a75a0c">
                <Frame point="288 96"/>
            </Index>
            <Index name="e97f20e0-d2e0-427e-8778-9c84bc22ca28">
                <Frame point="384 96"/>
            </Index>
            <Index name="b6a3e3bf-00b1-43e8-87b0-c92c577585ce">
                <Frame point="0 192"/>
            </Index>
            <Index name="79cb818c-0f93-4fd5-8da5-50336a9e3068">
                <Frame point="96 192"/>
            </Index>
            <Index name="45401617-2e49-4739-9288-c4f52a41c684">
                <Frame point="192 192"/>
            </Index>
            <Index name="7269569e-acfd-4273-ab36-6e26adb24ab0">
                <Frame point="288 192"/>
            </Index>
        </Group>
    </Resource>
</MyGUI>
